-- MySQL dump 10.13  Distrib 5.7.40, for Linux (x86_64)
--
-- Host: localhost    Database: hackernews
-- ------------------------------------------------------
-- Server version	5.7.40-0ubuntu0.18.04.1

/*!40101 SET @OLD_CHARACTER_SET_CLIENT=@@CHARACTER_SET_CLIENT */;
/*!40101 SET @OLD_CHARACTER_SET_RESULTS=@@CHARACTER_SET_RESULTS */;
/*!40101 SET @OLD_COLLATION_CONNECTION=@@COLLATION_CONNECTION */;
/*!40101 SET NAMES utf8 */;
/*!40103 SET @OLD_TIME_ZONE=@@TIME_ZONE */;
/*!40103 SET TIME_ZONE='+00:00' */;
/*!40014 SET @OLD_UNIQUE_CHECKS=@@UNIQUE_CHECKS, UNIQUE_CHECKS=0 */;
/*!40014 SET @OLD_FOREIGN_KEY_CHECKS=@@FOREIGN_KEY_CHECKS, FOREIGN_KEY_CHECKS=0 */;
/*!40101 SET @OLD_SQL_MODE=@@SQL_MODE, SQL_MODE='NO_AUTO_VALUE_ON_ZERO' */;
/*!40111 SET @OLD_SQL_NOTES=@@SQL_NOTES, SQL_NOTES=0 */;

--
-- Table structure for table `doctrine_migration_versions`
--

DROP TABLE IF EXISTS `doctrine_migration_versions`;
/*!40101 SET @saved_cs_client     = @@character_set_client */;
/*!40101 SET character_set_client = utf8 */;
CREATE TABLE `doctrine_migration_versions` (
  `version` varchar(191) COLLATE utf8_unicode_ci NOT NULL,
  `executed_at` datetime DEFAULT NULL,
  `execution_time` int(11) DEFAULT NULL,
  PRIMARY KEY (`version`)
) ENGINE=InnoDB DEFAULT CHARSET=utf8 COLLATE=utf8_unicode_ci;
/*!40101 SET character_set_client = @saved_cs_client */;

--
-- Dumping data for table `doctrine_migration_versions`
--

LOCK TABLES `doctrine_migration_versions` WRITE;
/*!40000 ALTER TABLE `doctrine_migration_versions` DISABLE KEYS */;
INSERT INTO `doctrine_migration_versions` VALUES ('DoctrineMigrations\\Version20221109235852','2022-11-10 00:58:57',2802),('DoctrineMigrations\\Version20221110000342','2022-11-10 01:03:48',2106),('DoctrineMigrations\\Version20221110083708','2022-11-10 09:38:11',187),('DoctrineMigrations\\Version20221110090510','2022-11-10 10:05:16',943),('DoctrineMigrations\\Version20221110112121','2022-11-10 13:35:40',1037),('DoctrineMigrations\\Version20221110123526','2022-11-10 13:36:01',1484),('DoctrineMigrations\\Version20221110123925','2022-11-10 13:40:47',2870),('DoctrineMigrations\\Version20221110124309','2022-11-10 13:43:18',2572),('DoctrineMigrations\\Version20221110125325','2022-11-10 13:53:31',1415),('DoctrineMigrations\\Version20221110131041','2022-11-10 14:10:59',2124),('DoctrineMigrations\\Version20221110162103','2022-11-10 17:21:11',1173),('DoctrineMigrations\\Version20221110171147','2022-11-10 18:12:04',1007),('DoctrineMigrations\\Version20221110172129','2022-11-10 18:21:36',188),('DoctrineMigrations\\Version20221201171709','2022-12-01 18:17:58',283),('DoctrineMigrations\\Version20221201181406','2022-12-01 19:14:10',231),('DoctrineMigrations\\Version20221201203331','2022-12-01 21:33:36',246);
/*!40000 ALTER TABLE `doctrine_migration_versions` ENABLE KEYS */;
UNLOCK TABLES;

--
-- Table structure for table `post_user`
--

DROP TABLE IF EXISTS `post_user`;
/*!40101 SET @saved_cs_client     = @@character_set_client */;
/*!40101 SET character_set_client = utf8 */;
CREATE TABLE `post_user` (
  `post_id` int(11) NOT NULL,
  `user_id` int(11) NOT NULL,
  PRIMARY KEY (`post_id`,`user_id`),
  KEY `IDX_44C6B1424B89032C` (`post_id`),
  KEY `IDX_44C6B142A76ED395` (`user_id`),
  CONSTRAINT `FK_44C6B1424B89032C` FOREIGN KEY (`post_id`) REFERENCES `symfony_demo_post` (`id`) ON DELETE CASCADE,
  CONSTRAINT `FK_44C6B142A76ED395` FOREIGN KEY (`user_id`) REFERENCES `symfony_demo_user` (`id`) ON DELETE CASCADE
) ENGINE=InnoDB DEFAULT CHARSET=utf8mb4 COLLATE=utf8mb4_unicode_ci;
/*!40101 SET character_set_client = @saved_cs_client */;

--
-- Dumping data for table `post_user`
--

LOCK TABLES `post_user` WRITE;
/*!40000 ALTER TABLE `post_user` DISABLE KEYS */;
INSERT INTO `post_user` VALUES (1,6),(1,7),(19,5),(19,6),(19,7),(20,5),(20,6),(20,7),(21,5),(21,6),(21,7),(22,7),(23,7);
/*!40000 ALTER TABLE `post_user` ENABLE KEYS */;
UNLOCK TABLES;

--
-- Table structure for table `symfony_demo_comment`
--

DROP TABLE IF EXISTS `symfony_demo_comment`;
/*!40101 SET @saved_cs_client     = @@character_set_client */;
/*!40101 SET character_set_client = utf8 */;
CREATE TABLE `symfony_demo_comment` (
  `id` int(11) NOT NULL AUTO_INCREMENT,
  `post_id` int(11) NOT NULL,
  `author_id` int(11) NOT NULL,
  `content` longtext COLLATE utf8mb4_unicode_ci NOT NULL,
  `published_at` datetime NOT NULL,
  `parent_comment_id` int(11) DEFAULT NULL,
  PRIMARY KEY (`id`),
  KEY `IDX_53AD8F834B89032C` (`post_id`),
  KEY `IDX_53AD8F83F675F31B` (`author_id`),
  KEY `IDX_53AD8F83BF2AF943` (`parent_comment_id`),
  CONSTRAINT `FK_53AD8F834B89032C` FOREIGN KEY (`post_id`) REFERENCES `symfony_demo_post` (`id`),
  CONSTRAINT `FK_53AD8F83BF2AF943` FOREIGN KEY (`parent_comment_id`) REFERENCES `symfony_demo_comment` (`id`),
  CONSTRAINT `FK_53AD8F83F675F31B` FOREIGN KEY (`author_id`) REFERENCES `symfony_demo_user` (`id`)
) ENGINE=InnoDB AUTO_INCREMENT=47 DEFAULT CHARSET=utf8mb4 COLLATE=utf8mb4_unicode_ci;
/*!40101 SET character_set_client = @saved_cs_client */;

--
-- Dumping data for table `symfony_demo_comment`
--

LOCK TABLES `symfony_demo_comment` WRITE;
/*!40000 ALTER TABLE `symfony_demo_comment` DISABLE KEYS */;
INSERT INTO `symfony_demo_comment` VALUES (21,1,5,'primer comentario','2022-11-10 02:45:58',NULL),(22,1,5,'segundo comentario','2022-11-10 02:46:09',NULL),(23,1,5,'respondo al primer comentario','2022-11-10 02:47:35',21),(24,1,5,'respondo al primer comentario por segunda vez','2022-11-10 02:59:54',21),(25,19,7,'comenmt bro','2022-11-10 22:12:27',NULL),(26,19,7,'Hola!','2022-11-11 02:14:30',NULL),(27,19,7,'RECURSIVO','2022-11-11 02:15:07',25),(28,21,7,'holajj','2022-11-14 16:29:43',NULL),(29,21,7,'jjijnnkjnkj','2022-11-14 16:29:50',28),(30,1,7,'respondo a la respuesta del primero','2022-11-29 14:30:48',23),(31,1,7,'this is a comment','2022-12-01 20:16:30',NULL),(32,1,7,'this is a comment','2022-12-01 20:19:01',NULL),(33,1,7,'this is a comment','2022-12-01 20:19:54',NULL),(34,1,7,'this is a comment','2022-12-01 20:20:34',NULL),(35,1,7,'this is a comment','2022-12-01 20:22:56',NULL),(36,1,7,'this is a comment','2022-12-01 20:40:32',NULL),(37,1,7,'this is a comment','2022-12-01 20:40:49',NULL),(38,1,7,'this is a reply to this is a comment','2022-12-01 20:56:12',37),(39,1,7,'this is a reply to this is a comment','2022-12-01 20:57:14',37),(40,1,7,'this is a comment','2022-12-01 22:58:50',NULL),(41,1,7,'this is a reply to this is a comment','2022-12-01 22:58:50',37),(42,1,7,'this is a comment','2022-12-01 23:08:11',NULL),(43,1,7,'this is a reply to this is a comment','2022-12-01 23:08:11',37),(44,1,7,'this is a comment','2022-12-01 23:08:14',NULL),(45,1,7,'this is a reply to this is a comment','2022-12-01 23:08:14',37),(46,1,7,'this is a reply to this is a comment','2022-12-01 23:08:38',37);
/*!40000 ALTER TABLE `symfony_demo_comment` ENABLE KEYS */;
UNLOCK TABLES;

--
-- Table structure for table `symfony_demo_post`
--

DROP TABLE IF EXISTS `symfony_demo_post`;
/*!40101 SET @saved_cs_client     = @@character_set_client */;
/*!40101 SET character_set_client = utf8 */;
CREATE TABLE `symfony_demo_post` (
  `id` int(11) NOT NULL AUTO_INCREMENT,
  `author_id` int(11) NOT NULL,
  `title` varchar(255) COLLATE utf8mb4_unicode_ci NOT NULL,
  `slug` varchar(255) COLLATE utf8mb4_unicode_ci NOT NULL,
  `content` longtext COLLATE utf8mb4_unicode_ci NOT NULL,
  `published_at` datetime NOT NULL,
  `link` varchar(255) COLLATE utf8mb4_unicode_ci DEFAULT NULL,
  `type` varchar(255) COLLATE utf8mb4_unicode_ci NOT NULL,
  `summary` varchar(255) COLLATE utf8mb4_unicode_ci DEFAULT NULL,
  `user_id_votes` json NOT NULL,
  `number_of_votes` int(11) NOT NULL DEFAULT '0',
  PRIMARY KEY (`id`),
  KEY `IDX_58A92E65F675F31B` (`author_id`),
  CONSTRAINT `FK_58A92E65F675F31B` FOREIGN KEY (`author_id`) REFERENCES `symfony_demo_user` (`id`)
) ENGINE=InnoDB AUTO_INCREMENT=70 DEFAULT CHARSET=utf8mb4 COLLATE=utf8mb4_unicode_ci;
/*!40101 SET character_set_client = @saved_cs_client */;

--
-- Dumping data for table `symfony_demo_post`
--

LOCK TABLES `symfony_demo_post` WRITE;
/*!40000 ALTER TABLE `symfony_demo_post` DISABLE KEYS */;
INSERT INTO `symfony_demo_post` VALUES (1,6,'hola','hola','adiosdosdasdamksdkmasdmkadiosdosdasdamksdkmasdmkadiosdosdasdamksdkmasdmk','2022-11-09 14:20:15','https://www.google.com','url',NULL,'[\"6\", \"7\"]',2),(19,5,'ASK REAL','ask-real','ASK REALASK REALASK REALASK REALASK REALASK REALASK REALASK REALASK REALASK REALASK REALASK REALASK REALASK REALASK REALASK REALASK REALASK REALASK REALASK REALASK REAL','2022-11-10 14:29:51',NULL,'ask','','[\"5\", \"6\", \"7\"]',3),(20,5,'HACKERNEWS','hackernews','ESTE ES EL HACKERNEWS','2022-11-10 14:30:56','https://news.ycombinator.com/newcomments','url','','[\"5\", \"6\", \"7\"]',3),(21,5,'ASK HACKER REAL 2','ask-hacker-real-2','ASK HACKER REAL 2ASK HACKER REAL 2ASK HACKER REAL 2ASK HACKER REAL 2ASK HACKER REAL 2ASK HACKER REAL 2ASK HACKER REAL 2ASK HACKER REAL 2ASK HACKER REAL 2ASK HACKER REAL 2ASK HACKER REAL 2ASK HACKER REAL 2ASK HACKER REAL 2V','2022-11-10 17:36:01',NULL,'ask','','[\"5\", \"6\", \"7\"]',3),(22,7,'ENUEVO HACKER ASK','nuevo-hacker-ask','ASDASSADSADADS','2022-11-10 18:37:27',NULL,'ask','','[\"7\"]',1),(23,7,'this is url','this-is-url','aaaaaaaaaaaaaaaaaaaaaaaaaaaaaaaa','2022-11-11 09:10:55','https://github.com/adrianPrestamo/myrepo-hackernews','url','','[\"7\"]',1),(24,7,'este lo ha hecho holla','este-lo-ha-hecho-holla','asdasasdasdasdads','2022-11-29 19:43:45',NULL,'ask','','[]',0),(25,5,'ASK REAL','ask-real','ASK REALASK REALASK REALASK REALASK REALASK REALASK REALASK REALASK REALASK REALASK REALASK REALASK REALASK REALASK REALASK REALASK REALASK REALASK REALASK REALASK REAL','2022-11-30 00:24:16',NULL,'ask','','[]',0),(26,5,'ASK REAL','ask-real','ASK REALASK REALASK REALASK REALASK REALASK REALASK REALASK REALASK REALASK REALASK REALASK REALASK REALASK REALASK REALASK REALASK REALASK REALASK REALASK REALASK REAL','2022-11-30 00:25:14',NULL,'ask','','[]',0),(27,5,'ASK REAL','ask-real','ASK REALASK REALASK REALASK REALASK REALASK REALASK REALASK REALASK REALASK REALASK REALASK REALASK REALASK REALASK REALASK REALASK REALASK REALASK REALASK REALASK REAL','2022-11-30 00:25:21',NULL,'ask','','[]',0),(28,5,'ASK REAL','ask-real','ASK REALASK REALASK REALASK REALASK REALASK REALASK REALASK REALASK REALASK REALASK REALASK REALASK REALASK REALASK REALASK REALASK REALASK REALASK REALASK REALASK REAL','2022-11-30 00:26:15',NULL,'ask','','[]',0),(29,5,'ASK REAL','ask-real','ASK REALASK REALASK REALASK REALASK REALASK REALASK REALASK REALASK REALASK REALASK REALASK REALASK REALASK REALASK REALASK REALASK REALASK REALASK REALASK REALASK REAL','2022-11-30 00:26:36','https://www.google.es','url','','[]',0),(30,5,'ASK REAL','ask-real','ASK REALASK REALASK REALASK REALASK REALASK REALASK REALASK REALASK REALASK REALASK REALASK REALASK REALASK REALASK REALASK REALASK REALASK REALASK REALASK REALASK REAL','2022-11-30 00:26:52','https://www.googlees','url','','[]',0),(31,5,'ASK REAL','ask-real','ASK REALASK REALASK REALASK REALASK REALASK REALASK REALASK REALASK REALASK REALASK REALASK REALASK REALASK REALASK REALASK REALASK REALASK REALASK REALASK REALASK REAL','2022-11-30 00:28:17','https://www.googleaes','url','','[]',0),(32,5,'ASK REAL','ask-real','ASK REALASK REALASK REALASK REALASK REALASK REALASK REALASK REALASK REALASK REALASK REALASK REALASK REALASK REALASK REALASK REALASK REALASK REALASK REALASK REALASK REAL','2022-11-30 00:28:49','googleaes','url','','[]',0),(33,5,'ASK REAL','ask-real','ASK REALASK REALASK REALASK REALASK REALASK REALASK REALASK REALASK REALASK REALASK REALASK REALASK REALASK REALASK REALASK REALASK REALASK REALASK REALASK REALASK REAL','2022-11-30 00:55:14','googleaes','url','','[]',0),(34,5,'ASK REAL','ask-real','ASK REALASK REALASK REALASK REALASK REALASK REALASK REALASK REALASK REALASK REALASK REALASK REALASK REALASK REALASK REALASK REALASK REALASK REALASK REALASK REALASK REAL','2022-11-30 00:58:10','googleaes','url','','[]',0),(35,5,'ASK REAL','ask-real','ASK REALASK REALASK REALASK REALASK REALASK REALASK REALASK REALASK REALASK REALASK REALASK REALASK REALASK REALASK REALASK REALASK REALASK REALASK REALASK REALASK REAL','2022-11-30 00:59:00','googleaes','url','','[]',0),(36,5,'ASK REAL','ask-real','ASK REALASK REALASK REALASK REALASK REALASK REALASK REALASK REALASK REALASK REALASK REALASK REALASK REALASK REALASK REALASK REALASK REALASK REALASK REALASK REALASK REAL','2022-11-30 00:59:35','googleaes','url','','[]',0),(37,5,'ASK REAL','ask-real','ASK REALASK REALASK REALASK REALASK REALASK REALASK REALASK REALASK REALASK REALASK REALASK REALASK REALASK REALASK REALASK REALASK REALASK REALASK REALASK REALASK REAL','2022-11-30 01:02:50','googleaes','url','','[]',0),(38,5,'ASK REAL','ask-real','ASK REALASK REALASK REALASK REALASK REALASK REALASK REALASK REALASK REALASK REALASK REALASK REALASK REALASK REALASK REALASK REALASK REALASK REALASK REALASK REALASK REAL','2022-11-30 01:03:23','googleaes','url','','[]',0),(39,5,'ASK REAL','ask-real','ASK REALASK REALASK REALASK REALASK REALASK REALASK REALASK REALASK REALASK REALASK REALASK REALASK REALASK REALASK REALASK REALASK REALASK REALASK REALASK REALASK REAL','2022-11-30 01:04:05','googleaes','url','','[]',0),(40,5,'ASK REAL','ask-real','ASK REALASK REALASK REALASK REALASK REALASK REALASK REALASK REALASK REALASK REALASK REALASK REALASK REALASK REALASK REALASK REALASK REALASK REALASK REALASK REALASK REAL','2022-11-30 01:04:28','googleaes','url','','[]',0),(41,5,'ASK REAL','ask-real','ASK REALASK REALASK REALASK REALASK REALASK REALASK REALASK REALASK REALASK REALASK REALASK REALASK REALASK REALASK REALASK REALASK REALASK REALASK REALASK REALASK REAL','2022-11-30 01:05:21','googleaes','url','','[]',0),(42,5,'ASK REAL','ask-real','ASK REALASK REALASK REALASK REALASK REALASK REALASK REALASK REALASK REALASK REALASK REALASK REALASK REALASK REALASK REALASK REALASK REALASK REALASK REALASK REALASK REAL','2022-11-30 01:05:38','googleaes','url','','[]',0),(43,5,'ASK REAL','ask-real','ASK REALASK REALASK REALASK REALASK REALASK REALASK REALASK REALASK REALASK REALASK REALASK REALASK REALASK REALASK REALASK REALASK REALASK REALASK REALASK REALASK REAL','2022-11-30 01:06:32','googleaes','url','','[]',0),(44,5,'ASK REAL','ask-real','ASK REALASK REALASK REALASK REALASK REALASK REALASK REALASK REALASK REALASK REALASK REALASK REALASK REALASK REALASK REALASK REALASK REALASK REALASK REALASK REALASK REAL','2022-11-30 01:07:11','googleaes','url','','[]',0),(45,5,'ASK REAL','ask-real','ASK REALASK REALASK REALASK REALASK REALASK REALASK REALASK REALASK REALASK REALASK REALASK REALASK REALASK REALASK REALASK REALASK REALASK REALASK REALASK REALASK REAL','2022-11-30 01:10:38','googleaes','url','','[]',0),(46,5,'ASK REAL','ask-real','ASK REALASK REALASK REALASK REALASK REALASK REALASK REALASK REALASK REALASK REALASK REALASK REALASK REALASK REALASK REALASK REALASK REALASK REALASK REALASK REALASK REAL','2022-11-30 01:12:08','googleaes','url','','[]',0),(47,5,'ASK REAL','ask-real','ASK REALASK REALASK REALASK REALASK REALASK REALASK REALASK REALASK REALASK REALASK REALASK REALASK REALASK REALASK REALASK REALASK REALASK REALASK REALASK REALASK REAL','2022-11-30 01:13:26','googleaes','url','','[]',0),(48,5,'ASK REAL','ask-real','ASK REALASK REALASK REALASK REALASK REALASK REALASK REALASK REALASK REALASK REALASK REALASK REALASK REALASK REALASK REALASK REALASK REALASK REALASK REALASK REALASK REAL','2022-11-30 01:14:04','googleaes','url','','[]',0),(49,5,'ASK REAL','ask-real','ASK REALASK REALASK REALASK REALASK REALASK REALASK REALASK REALASK REALASK REALASK REALASK REALASK REALASK REALASK REALASK REALASK REALASK REALASK REALASK REALASK REAL','2022-11-30 01:17:43','googleaes','url','','[]',0),(50,5,'ASK REAL','ask-real','ASK REALASK REALASK REALASK REALASK REALASK REALASK REALASK REALASK REALASK REALASK REALASK REALASK REALASK REALASK REALASK REALASK REALASK REALASK REALASK REALASK REAL','2022-11-30 01:18:02','googleaes','url','','[]',0),(51,5,'ASK REAL','ask-real','ASK REALASK REALASK REALASK REALASK REALASK REALASK REALASK REALASK REALASK REALASK REALASK REALASK REALASK REALASK REALASK REALASK REALASK REALASK REALASK REALASK REAL','2022-11-30 01:18:59','googleaes','url','','[]',0),(52,5,'ASK REAL','ask-real','ASK REALASK REALASK REALASK REALASK REALASK REALASK REALASK REALASK REALASK REALASK REALASK REALASK REALASK REALASK REALASK REALASK REALASK REALASK REALASK REALASK REAL','2022-11-30 01:19:17','googleaes','url','','[]',0),(53,5,'ASK REAL','ask-real','ASK REALASK REALASK REALASK REALASK REALASK REALASK REALASK REALASK REALASK REALASK REALASK REALASK REALASK REALASK REALASK REALASK REALASK REALASK REALASK REALASK REAL','2022-11-30 01:24:24','googleaes','url','','[]',0),(54,5,'ASK REAL','ask-real','ASK REALASK REALASK REALASK REALASK REALASK REALASK REALASK REALASK REALASK REALASK REALASK REALASK REALASK REALASK REALASK REALASK REALASK REALASK REALASK REALASK REAL','2022-11-30 01:24:47','googleaes','url','','[]',0),(55,5,'ASK REAL','ask-real','ASK REALASK REALASK REALASK REALASK REALASK REALASK REALASK REALASK REALASK REALASK REALASK REALASK REALASK REALASK REALASK REALASK REALASK REALASK REALASK REALASK REAL','2022-11-30 01:33:16','googleaes','url','','[]',0),(56,5,'ASK REAL','ask-real','ASK REALASK REALASK REALASK REALASK REALASK REALASK REALASK REALASK REALASK REALASK REALASK REALASK REALASK REALASK REALASK REALASK REALASK REALASK REALASK REALASK REAL','2022-11-30 01:34:54','googleaes','url','','[]',0),(57,5,'ASK REAL','ask-real','ASK REALASK REALASK REALASK REALASK REALASK REALASK REALASK REALASK REALASK REALASK REALASK REALASK REALASK REALASK REALASK REALASK REALASK REALASK REALASK REALASK REAL','2022-11-30 01:35:04','googleaes','url','','[]',0),(58,5,'ASK REAL','ask-real','ASK REALASK REALASK REALASK REALASK REALASK REALASK REALASK REALASK REALASK REALASK REALASK REALASK REALASK REALASK REALASK REALASK REALASK REALASK REALASK REALASK REAL','2022-11-30 01:35:05','googleaes','url','','[]',0),(59,5,'ASK REAL','ask-real','ASK REALASK REALASK REALASK REALASK REALASK REALASK REALASK REALASK REALASK REALASK REALASK REALASK REALASK REALASK REALASK REALASK REALASK REALASK REALASK REALASK REAL','2022-11-30 01:35:07','googleaes','url','','[]',0),(60,5,'ASK REAL','ask-real','ASK REALASK REALASK REALASK REALASK REALASK REALASK REALASK REALASK REALASK REALASK REALASK REALASK REALASK REALASK REALASK REALASK REALASK REALASK REALASK REALASK REAL','2022-11-30 01:36:40','googleaes','url','','[]',0),(61,5,'ASK REAL','ask-real','ASK REALASK REALASK REALASK REALASK REALASK REALASK REALASK REALASK REALASK REALASK REALASK REALASK REALASK REALASK REALASK REALASK REALASK REALASK REALASK REALASK REAL','2022-11-30 01:37:40','www.youtube.com','url','','[]',0),(62,5,'ASK REAL','ask-real','ASK REALASK REALASK REALASK REALASK REALASK REALASK REALASK REALASK REALASK REALASK REALASK REALASK REALASK REALASK REALASK REALASK REALASK REALASK REALASK REALASK REAL','2022-11-30 01:37:50','www.youtubesddsf.com','url','','[]',0),(63,5,'ASK REAL','ask-real','ASK REALASK REALASK REALASK REALASK REALASK REALASK REALASK REALASK REALASK REALASK REALASK REALASK REALASK REALASK REALASK REALASK REALASK REALASK REALASK REALASK REAL','2022-11-30 01:40:45','www.youtubesddsf.com','url','','[]',0),(64,5,'ASK REAL','ask-real-nueooo','ASK REALASK REALASK REALASK REALASK REALASK REALASK REALASK REALASK REALASK REALASK REALASK REALASK REALASK REALASK REALASK REALASK REALASK REALASK REALASK REALASK REAL','2022-11-30 01:43:28','https://symfony.com/doc/current/validation.html','url','','[]',0),(65,5,'ASK REA asdasdaL','ask-rea-asdasdal','ASK REALASK REALASK REALASK REALASK REALASK REALASK REALASK REALASK REALASK REALASK REALASK REALASK REALASK REALASK REALASK REALASK REALASK REALASK REALASK REALASK REAL','2022-11-30 01:50:43','https://symfony.com/doc/current/validation.html','url','','[]',0),(66,5,'ASK HN: What is your name','ask-hn:-what-is-your-name','This is a well refined post','2022-12-01 18:07:04','https://symfony.com/doc/current/validation.html','url','','[]',0),(67,5,'URL HN: What is your name','url-hn:-what-is-your-name','This is a well refined post','2022-12-01 18:07:38','https://symfony.com/doc/current/validation.html','url','','[]',0),(68,5,'ASK HN: What is your name sir?','ask-hn:-what-is-your-name-sir?','This is a well refined post','2022-12-01 18:09:54',NULL,'ask','','[]',0),(69,7,'ASK HN: What is your name siraaa?','ask-hn:-what-is-your-name-siraaa?','This is a well refined post','2022-12-01 20:03:48',NULL,'ask','','[]',0);
/*!40000 ALTER TABLE `symfony_demo_post` ENABLE KEYS */;
UNLOCK TABLES;

--
-- Table structure for table `symfony_demo_post_tag`
--

DROP TABLE IF EXISTS `symfony_demo_post_tag`;
/*!40101 SET @saved_cs_client     = @@character_set_client */;
/*!40101 SET character_set_client = utf8 */;
CREATE TABLE `symfony_demo_post_tag` (
  `post_id` int(11) NOT NULL,
  `tag_id` int(11) NOT NULL,
  PRIMARY KEY (`post_id`,`tag_id`),
  KEY `IDX_6ABC1CC44B89032C` (`post_id`),
  KEY `IDX_6ABC1CC4BAD26311` (`tag_id`),
  CONSTRAINT `FK_6ABC1CC44B89032C` FOREIGN KEY (`post_id`) REFERENCES `symfony_demo_post` (`id`) ON DELETE CASCADE,
  CONSTRAINT `FK_6ABC1CC4BAD26311` FOREIGN KEY (`tag_id`) REFERENCES `symfony_demo_tag` (`id`) ON DELETE CASCADE
) ENGINE=InnoDB DEFAULT CHARSET=utf8mb4 COLLATE=utf8mb4_unicode_ci;
/*!40101 SET character_set_client = @saved_cs_client */;

--
-- Dumping data for table `symfony_demo_post_tag`
--

LOCK TABLES `symfony_demo_post_tag` WRITE;
/*!40000 ALTER TABLE `symfony_demo_post_tag` DISABLE KEYS */;
/*!40000 ALTER TABLE `symfony_demo_post_tag` ENABLE KEYS */;
UNLOCK TABLES;

--
-- Table structure for table `symfony_demo_tag`
--

DROP TABLE IF EXISTS `symfony_demo_tag`;
/*!40101 SET @saved_cs_client     = @@character_set_client */;
/*!40101 SET character_set_client = utf8 */;
CREATE TABLE `symfony_demo_tag` (
  `id` int(11) NOT NULL AUTO_INCREMENT,
  `name` varchar(255) COLLATE utf8mb4_unicode_ci NOT NULL,
  PRIMARY KEY (`id`),
  UNIQUE KEY `UNIQ_4D5855405E237E06` (`name`)
) ENGINE=InnoDB AUTO_INCREMENT=3 DEFAULT CHARSET=utf8mb4 COLLATE=utf8mb4_unicode_ci;
/*!40101 SET character_set_client = @saved_cs_client */;

--
-- Dumping data for table `symfony_demo_tag`
--

LOCK TABLES `symfony_demo_tag` WRITE;
/*!40000 ALTER TABLE `symfony_demo_tag` DISABLE KEYS */;
INSERT INTO `symfony_demo_tag` VALUES (1,'ask'),(2,'url');
/*!40000 ALTER TABLE `symfony_demo_tag` ENABLE KEYS */;
UNLOCK TABLES;

--
-- Table structure for table `symfony_demo_user`
--

DROP TABLE IF EXISTS `symfony_demo_user`;
/*!40101 SET @saved_cs_client     = @@character_set_client */;
/*!40101 SET character_set_client = utf8 */;
CREATE TABLE `symfony_demo_user` (
  `id` int(11) NOT NULL AUTO_INCREMENT,
  `full_name` varchar(255) COLLATE utf8mb4_unicode_ci DEFAULT NULL,
  `username` varchar(255) COLLATE utf8mb4_unicode_ci NOT NULL,
  `email` varchar(255) COLLATE utf8mb4_unicode_ci DEFAULT NULL,
  `password` varchar(255) COLLATE utf8mb4_unicode_ci NOT NULL,
  `roles` json NOT NULL,
  `jwt_token` longtext COLLATE utf8mb4_unicode_ci,
  `about` longtext COLLATE utf8mb4_unicode_ci,
  PRIMARY KEY (`id`),
  UNIQUE KEY `UNIQ_8FB094A1F85E0677` (`username`),
  UNIQUE KEY `UNIQ_8FB094A1E7927C74` (`email`)
) ENGINE=InnoDB AUTO_INCREMENT=14 DEFAULT CHARSET=utf8mb4 COLLATE=utf8mb4_unicode_ci;
/*!40101 SET character_set_client = @saved_cs_client */;

--
-- Dumping data for table `symfony_demo_user`
--

LOCK TABLES `symfony_demo_user` WRITE;
/*!40000 ALTER TABLE `symfony_demo_user` DISABLE KEYS */;
INSERT INTO `symfony_demo_user` VALUES (3,NULL,'ivanCITO','ivan@email.com','$2y$13$ASpc.KKVH9q8adP6uk7ZmOzeFUqFgIZDU0YTA7SbMt.ZiUkPPBapy','[\"ROLE_USER\"]',NULL,NULL),(4,NULL,'pepeluis',NULL,'$2y$13$tIytlh4kE5wajzflQ3ACtOftWVkl19rGCttAd3IdK9vgEEw7PILTa','[\"ROLE_USER\"]',NULL,NULL),(5,'este es mi full name','unico','adrian@email.com','$2y$13$blNu8id.zwfajnqQ5nf2aOXPT/dTnz9fVEmRKJeXCJMUCb9BTJoBy','[\"ROLE_USER\"]',NULL,NULL),(6,NULL,'proyectog','','$2y$13$0VN2Tbbr8UVx3Sfkrh9dp.tCoswZXQTtuE2eJL3Bx1hD0.5OoBmsi','[\"ROLE_USER\"]',NULL,NULL),(7,'','holla',NULL,'$2y$13$bJ1wgnVnGv78ZrK/G/OMpO81P49pkdKb4hAyfHCnxXOQA.kiE1mgC','[\"ROLE_USER\"]','eyJ0eXAiOiJKV1QiLCJhbGciOiJSUzI1NiJ9.eyJpYXQiOjE2Njk5MzI0OTUsImV4cCI6MTY2OTkzNjA5NSwicm9sZXMiOlsiUk9MRV9VU0VSIl0sInVzZXJuYW1lIjoiaG9sbGEifQ.hV1fWk_sTZGEf8rnI8t3DlbHBpwcsnvHXuKu8gMbkA22uTE3ZS1CW31e98qfEj81HTu7O9pt2QDZY9DTaAb3g77Ecz2mqs2E7euzU-_qJ91fY027fJsB4Io3SSw_XUzBrnw6JGvtmVjpJAjnL6RO0qqIpD1-fEDFkqRsplcs0jt1F0g0XWnudjkgYotTppFkinxNnDV5pyH9Py9fWCJcbzx18vbeioNXryrjU2whEJzSexOorZZg1POpNdaeJFSq3a6rKJXaFFPju50pMGXRSgynn5iKgVvNqJ4IDWvlqB6PrFSl-v_DRSf0sWTzQuIBWMcaWRPxi1rl77MWqkmd1A','Hola, me llamo holla'),(8,NULL,'hola',NULL,'$2y$13$IxjZdlJ/w0tSCiA4OnfDVeP.50Lq5iViPs.G3ogb3enqeeKS5gu3u','[\"ROLE_USER\"]',NULL,NULL),(12,NULL,'create',NULL,'$2y$13$qU/eZclQXqLl6AQv5T5Wiurp2hRJggLzEQmS4zYYgALQC7kmMg4Xu','[\"ROLE_USER\"]',NULL,NULL),(13,'','nocrear',NULL,'$2y$13$HIKbEjhlBo9C5JucaAc0TOIGyKJ6mIq5jg4dutlPFEUDovUKzSjw2','[\"ROLE_USER\"]',NULL,NULL);
/*!40000 ALTER TABLE `symfony_demo_user` ENABLE KEYS */;
UNLOCK TABLES;
/*!40103 SET TIME_ZONE=@OLD_TIME_ZONE */;

/*!40101 SET SQL_MODE=@OLD_SQL_MODE */;
/*!40014 SET FOREIGN_KEY_CHECKS=@OLD_FOREIGN_KEY_CHECKS */;
/*!40014 SET UNIQUE_CHECKS=@OLD_UNIQUE_CHECKS */;
/*!40101 SET CHARACTER_SET_CLIENT=@OLD_CHARACTER_SET_CLIENT */;
/*!40101 SET CHARACTER_SET_RESULTS=@OLD_CHARACTER_SET_RESULTS */;
/*!40101 SET COLLATION_CONNECTION=@OLD_COLLATION_CONNECTION */;
/*!40111 SET SQL_NOTES=@OLD_SQL_NOTES */;

-- Dump completed on 2022-12-02  0:37:48
